year,id,医院名称,IE,TE,组织机构代码,城市,地区,地区代码,门急诊人次数,出院总人数,occ,bed,alos,dnr,bnr,oir,pop,urban,gdp,gdp_speed,pop_last,total_beds,share_beds,HHI_beds,total_outp,share_outp,HHI_outp,total_inp,share_inp,HHI_inp
2013,1,大同煤矿集团有限责任公司总医院,0,1,713626580,大同市,晋北地区,02,597823,31521,108.49534246575342,10,12.4647695187335,0.5791788856304986,1.466275659824047,1.5215575385210562,239.3197849,59.03,28.741,3.329138954,238.0591135,190.96,5.236698785085882,2.694521706450994,10162546,5.882610519056937,2.6717025704438817,570750,5.522733245729303,2.6840771974941284
2014,1,大同煤矿集团有限责任公司总医院,0,1,713626580,大同市,晋北地区,02,736188,40203,111.2073656382574,11.48,11.3923836529612,0.5402298850574713,1.6494252873563218,1.6073693035929504,240.5293288,60.04,29.607,3.01311715,239.3197849,190.96,6.011730205278592,2.694521706450994,10162546,7.244129571467623,2.6717025704438817,570750,7.043889618922471,2.6840771974941284
2015,1,大同煤矿集团有限责任公司总医院,0,1,713626580,大同市,晋北地区,02,805938,44132,111.27968036529681,12,11.1429574911629,0.5656565656565656,1.5151515151515151,1.6388814891786865,241.5527999,61.02,30.989,4.667815044,240.5293288,190.96,6.284038542103058,2.694521706450994,10162546,7.9304733282388105,2.6717025704438817,570750,7.732282084975909,2.6840771974941284
2016,1,大同煤矿集团有限责任公司总医院,0,1,713626580,大同市,晋北地区,02,869513,47825,112.3285388127854,12,10.1807422895975,0.5672823218997362,1.5831134564643798,1.7858363422017933,242.652714,62.01,30.046,-3.043015263,241.5527999,190.96,6.284038542103058,2.694521706450994,10162546,8.556054752421293,2.6717025704438817,570750,8.379325448970652,2.6840771974941284
2017,1,大同煤矿集团有限责任公司总医院,0,1,713626580,大同市,晋北地区,02,954834,50720,109.48607305936073,12,9.86486593059937,0.49883720930232556,1.3953488372093024,1.9083474235828806,244.1070457,62.94,32.687,8.789855555,242.652714,190.96,6.284038542103058,2.694521706450994,10162546,9.395617987854617,2.6717025704438817,570750,8.886552781427946,2.6840771974941284
2013,2,大同市第三人民医院,0.280583,0.7808943270369824,725923566,大同市,晋北地区,02,559690,32057,94.39180831080772,11.96,12.5294007549053,0.6459709379128138,1.5799207397622193,1.3934595610660891,239.3197849,59.03,28.741,3.329138954,238.0591135,190.96,6.263091746962715,2.694521706450994,10162546,5.507379745193773,2.6717025704438817,570750,5.61664476565922,2.6840771974941284
2014,2,大同市第三人民医院,0.234427,0.8100924558519864,725923566,大同市,晋北地区,02,622442,32832,92.71546045159239,12.16,12.2874634502924,0.6317829457364341,1.5710594315245479,1.5429054439272027,240.5293288,60.04,29.607,3.01311715,239.3197849,190.96,6.367825722664431,2.694521706450994,10162546,6.12486280504905,2.6717025704438817,570750,5.752431011826544,2.6840771974941284
2015,2,大同市第三人民医院,0.214791,0.8231868691816123,725923566,大同市,晋北地区,02,664407,31399,85.46566300465663,12.12,11.7027930825822,0.6221928665785997,1.6010568031704095,1.808126687276844,241.5527999,61.02,30.989,4.667815044,240.5293288,190.96,6.346878927524088,2.694521706450994,10162546,6.537800665305722,2.6717025704438817,570750,5.501357862461673,2.6840771974941284
2016,2,大同市第三人民医院,0.216467,0.8220527149523991,725923566,大同市,晋北地区,02,719498,36358,92.93868776728337,11.98,10.9456790802574,0.6835781041388518,1.5994659546061416,1.8079519955372736,242.652714,62.01,30.046,-3.043015263,241.5527999,190.96,6.273565144532886,2.694521706450994,10162546,7.079899072535563,2.6717025704438817,570750,6.370214629872974,2.6840771974941284
2017,2,大同市第三人民医院,0.206636,0.8287503439313927,725923566,大同市,晋北地区,02,762225,37401,92.82298985167837,11.76,10.4688644688645,0.6835781041388518,1.5700934579439252,1.946706134145158,244.1070457,62.94,32.687,8.789855555,242.652714,190.96,6.158357771260996,2.694521706450994,10162546,7.50033505383395,2.6717025704438817,570750,6.5529566360052565,2.6840771974941284
2013,3,大同市第五人民医院,0,1,405991033,大同市,晋北地区,02,457494,31207,92.70566989307699,15,12.9450443810683,0.6535947712418301,2.450980392156863,1.132478167019823,239.3197849,59.03,28.741,3.329138954,238.0591135,190.96,7.855048177628822,2.694521706450994,10162546,4.501765600864193,2.6717025704438817,570750,5.467717915024091,2.6840771974941284
2014,3,大同市第五人民医院,0.135472,0.8806910254061747,405991033,大同市,晋北地区,02,526536,37081,90.34849315068493,15,12.7680752946253,0.6400476758045291,1.7878426698450536,1.1121188375614897,240.5293288,60.04,29.607,3.01311715,239.3197849,190.96,7.855048177628822,2.694521706450994,10162546,5.181142599502133,2.6717025704438817,570750,6.49689005694262,2.6840771974941284
2015,3,大同市第五人民医院,0.137337,0.8792468722990635,405991033,大同市,晋北地区,02,567783,36998,87.04800546033673,14.5,12.3890480566517,0.6342925659472423,1.7386091127098322,1.2387001767131356,241.5527999,61.02,30.989,4.667815044,240.5293288,190.96,7.5932132383745286,2.694521706450994,10162546,5.587015301086952,2.6717025704438817,570750,6.482347787998248,2.6840771974941284
2016,3,大同市第五人民医院,0.222276,0.8181458197657485,405991033,大同市,晋北地区,02,609803,37773,86.78393953708078,14.5,12.0476266116009,0.6462093862815884,1.7448856799037304,1.3400054935999561,242.652714,62.01,30.046,-3.043015263,241.5527999,190.96,7.5932132383745286,2.694521706450994,10162546,6.000494364305952,2.6717025704438817,570750,6.618134034165572,2.6840771974941284
2017,3,大同市第五人民医院,0.09496,0.9132753707898006,405991033,大同市,晋北地区,02,708372,43243,98.91620217288616,14.5,12.1085262354601,0.6399026763990268,1.7639902676399026,1.3528644465622248,244.1070457,62.94,32.687,8.789855555,242.652714,190.96,7.5932132383745286,2.694521706450994,10162546,6.9704186332834315,2.6717025704438817,570750,7.57652212001752,2.6840771974941284
2013,4,侯马市人民医院,0,1,407990317,临汾市,晋南地区,10,234160,13336,87.82958904109589,5,12.2693461307738,0.7471264367816092,1.4367816091954022,1.4310859042683226,213.2601652,45.67,27.949,-0.292533267,212.1149967,141.15,3.5423308537017353,2.5321936409773707,5849019,4.00340638319007,2.507729381493891,399468,3.338440125366738,2.517715018100698
2014,4,侯马市人民医院,0.109968,0.9009268735675262,407990317,临汾市,晋南地区,10,232209,13690,81.44712328767123,5,10.6993425858291,0.690537084398977,1.278772378516624,1.5853257233365647,214.4141247,47.14,27.55672814,-1.403527353,213.2601652,141.15,3.5423308537017353,2.5321936409773707,5849019,3.9700503622915226,2.507729381493891,399468,3.4270579871228737,2.517715018100698
2015,4,侯马市人民医院,0,1,407990317,临汾市,晋南地区,10,234118,13421,80.57479452054794,5,11.038521719693,0.6538461538461539,1.2820512820512822,1.5802980802980804,215.4368499,48.62,26.23915731,-4.781303583,214.4141247,141.15,3.5423308537017353,2.5321936409773707,5849019,4.002688314057452,2.507729381493891,399468,3.3597184255059225,2.517715018100698
2016,4,侯马市人民医院,0,1,407990317,临汾市,晋南地区,10,219109,13761,79.99068493150685,5,10.4487319235521,0.6091954022988506,1.1494252873563218,1.5238654936189449,216.5245608,50.03,27.101787530000003,3.287568308,215.4368499,141.15,3.5423308537017353,2.5321936409773707,5849019,3.746081180450944,2.507729381493891,399468,3.4448316260626632,2.517715018100698
2017,4,侯马市人民医院,0.121324,0.8918029044236991,407990317,临汾市,晋南地区,10,233464,13921,80.07890410958905,5,10.4799224193664,0.6235565819861432,1.1547344110854503,1.600263210204879,217.6654066,51.4,29.534,8.97436181,216.5245608,141.15,3.5423308537017353,2.5321936409773707,5849019,3.991506951849532,2.507729381493891,399468,3.484884896912894,2.517715018100698
2013,5,晋中市第二人民医院,0.346575,0.7426248073816906,407840175,晋中市,晋中地区,07,118228,19523,93.99334514498076,6.34,11.1848076627567,0.4713656387665198,1.39647577092511,0.5414336809228755,201.6865877,48.87,31.015,3.063835443,200.5812768,82.45,7.689508793208004,2.2473655153531436,2634703,4.487336902869128,2.0415444868395065,239457,8.153029562718984,2.2392317089942546
2014,5,晋中市第二人民医院,0.268055,0.7886093268825091,407840175,晋中市,晋中地区,07,123817,19208,89.22031208218681,6.36,10.7001770095793,0.48440748440748443,1.3222453222453223,0.6024308005196347,202.626578,50.45,31.465,1.45091085,201.6865877,82.45,7.71376591873863,2.2473655153531436,2634703,4.699467074656992,2.0415444868395065,239457,8.021481936214018,2.2392317089942546
2015,5,晋中市第二人民医院,0.303473,0.7671812151076395,407840175,晋中市,晋中地区,07,133077,18031,82.77548031360385,6.36,10.6609173090788,0.4647887323943662,1.2796780684104627,0.6922908852554532,203.5655308,51.72,31.433759010000003,-0.099288066,202.626578,82.45,7.71376591873863,2.2473655153531436,2634703,5.050929839150751,2.0415444868395065,239457,7.529953185749425,2.2392317089942546
2016,5,晋中市第二人民医院,0.274337,0.7847217808162205,407840175,晋中市,晋中地区,07,124833,17617,79.86861376755407,6.36,10.5498098427655,0.4763779527559055,1.2519685039370079,0.6716651601239669,204.3615597,52.93,32.646,3.856493872,203.5655308,82.45,7.71376591873863,2.2473655153531436,2634703,4.738029295901663,2.0415444868395065,239457,7.3570620194857534,2.2392317089942546
2017,5,晋中市第二人民医院,0.294198,0.7726792963673256,407840175,晋中市,晋中地区,07,127946,16672,75.37477384337038,6.36,10.4230446257198,0.46680080482897385,1.2796780684104627,0.7362823913956713,205.3904044,54.14,38.274,17.23947804,204.3615597,82.45,7.71376591873863,2.2473655153531436,2634703,4.856183030876725,2.0415444868395065,239457,6.962419139970851,2.2392317089942546
2013,6,晋中市第一人民医院,0.289386,0.7755629423617133,407690728,晋中市,晋中地区,07,318726,25499,104.08544734819125,8.89,12.7547354798227,0.5496894409937888,1.3804347826086956,0.9799928051581481,201.6865877,48.87,31.015,3.063835443,200.5812768,82.45,10.782292298362645,2.2473655153531436,2634703,12.097226898060237,2.0415444868395065,239457,10.648675962698938,2.2392317089942546
2014,6,晋中市第一人民医院,0.269406,0.7877700278713036,407690728,晋中市,晋中地区,07,355645,28846,100.75911004070674,9.64,12.1408514178742,0.55052790346908,1.453996983408748,1.0155047613608783,202.626578,50.45,31.465,1.45091085,201.6865877,82.45,11.691934505761067,2.2473655153531436,2634703,13.498485408032709,2.0415444868395065,239457,12.046421695753308,2.2392317089942546
2015,6,晋中市第一人民医院,0.280909,0.7806955841515674,407690728,晋中市,晋中地区,07,409245,28526,92.92789074810534,10.44,12.0980158451939,0.521557719054242,1.4520166898470097,1.1858461698946416,203.5655308,51.72,31.433759010000003,-0.099288066,202.626578,82.45,12.662219526986052,2.2473655153531436,2634703,15.532870308342156,2.0415444868395065,239457,11.91278601168477,2.2392317089942546
2016,6,晋中市第一人民医院,0.29999,0.7692366864360495,407690728,晋中市,晋中地区,07,444810,31763,98.64686109122599,10.85,11.8886755029437,0.5682704811443433,1.4109232769830948,1.177930194375298,204.3615597,52.93,32.646,3.856493872,203.5655308,82.45,13.159490600363858,2.2473655153531436,2634703,16.882737826616513,2.0415444868395065,239457,13.26459447834058,2.2392317089942546
2017,6,晋中市第一人民医院,0.269198,0.7878991300017806,407690728,晋中市,晋中地区,07,478376,33772,97.22340761315573,10.85,11.3690631292195,0.5892169448010269,1.392811296534018,1.2459135942660096,205.3904044,54.14,38.274,17.23947804,204.3615597,82.45,13.159490600363858,2.2473655153531436,2634703,18.156733415493132,2.0415444868395065,239457,14.103576007383372,2.2392317089942546
2013,7,临汾市第四人民医院,0.137391,0.8792051282276719,73401433X,临汾市,晋南地区,10,264672,20233,85.19021526418786,7.55,10.5493006474571,0.7315010570824524,1.5961945031712474,1.2400067465002529,213.2601652,45.67,27.949,-0.292533267,212.1149967,141.15,5.348919589089621,2.5321936409773707,5849019,4.525066511153409,2.507729381493891,399468,5.0649864319545,2.517715018100698
2014,7,临汾市第四人民医院,0.237569,0.8080357539660415,73401433X,临汾市,晋南地区,10,286582,24593,103.03561643835617,8.08,10.795063635994,0.6343906510851419,1.348914858096828,1.079474015285348,214.4141247,47.14,27.55672814,-1.403527353,213.2601652,141.15,5.724406659582005,2.5321936409773707,5849019,4.899659242002804,2.507729381493891,399468,6.156438062623288,2.517715018100698
2015,7,临汾市第四人民医院,0.259053,0.7942477401666173,73401433X,临汾市,晋南地区,10,344884,25749,89.62054794520547,8,10.1343741504524,0.6259659969088099,1.2364760432766615,1.3216478252538801,215.4368499,48.62,26.23915731,-4.781303583,214.4141247,141.15,5.667729365922777,2.5321936409773707,5849019,5.896441779382149,2.507729381493891,399468,6.445822944516206,2.517715018100698
2016,7,临汾市第四人民医院,0.297273,0.7708477706697048,73401433X,临汾市,晋南地区,10,410411,31024,87.09258194364577,10,9.71402784940691,0.6947513812154696,1.3812154696132597,1.3618267367471,216.5245608,50.03,27.101787530000003,3.287568308,215.4368499,141.15,7.084661707403471,2.5321936409773707,5849019,7.016749304456011,2.507729381493891,399468,7.766329217859753,2.517715018100698
2017,7,临汾市第四人民医院,0.277512,0.7827715121266963,73401433X,临汾市,晋南地区,10,466726,37625,93.06976744186046,12,9.62687043189369,0.6764346764346765,1.465201465201465,1.2885472832133755,217.6654066,51.4,29.534,8.97436181,216.5245608,141.15,8.501594048884167,2.5321936409773707,5849019,7.979560333108851,2.507729381493891,399468,9.41877697337459,2.517715018100698
2013,8,临汾市人民医院,0.250253,0.7998381127659762,407940184,临汾市,晋南地区,10,367879,25116,91.35048211547178,8.93,11.8491001751871,0.6346153846153846,1.1448717948717948,1.2361442463424306,213.2601652,45.67,27.949,-0.292533267,212.1149967,141.15,6.3266029047113,2.5321936409773707,5849019,6.28958462949086,2.507729381493891,399468,6.287362191714981,2.517715018100698
2014,8,临汾市人民医院,0.401186,0.7136811244188851,407940184,临汾市,晋南地区,10,385948,28946,79.66857965163537,15.42,11.1113107165066,0.6450381679389313,1.9618320610687023,1.1999825885805961,214.4141247,47.14,27.55672814,-1.403527353,213.2601652,141.15,10.924548352816151,2.5321936409773707,5849019,6.598508228473869,2.507729381493891,399468,7.246137362692381,2.517715018100698
2015,8,临汾市人民医院,0.268758,0.7881723701446611,407940184,临汾市,晋南地区,10,640805,40406,83.04219178082192,15,10.8281195862001,0.6126696832579186,1.3574660633484164,1.464626840768786,215.4368499,48.62,26.23915731,-4.781303583,214.4141247,141.15,10.626992561105206,2.5321936409773707,5849019,10.955768822087943,2.507729381493891,399468,10.114952887340161,2.517715018100698
2016,8,临汾市人民医院,0.255814,0.796296266803842,407940184,临汾市,晋南地区,10,745010,45994,89.41129459531297,15.58,10.6919598208462,0.6302083333333334,1.3524305555555556,1.5149685012790637,216.5245608,50.03,27.101787530000003,3.287568308,215.4368499,141.15,11.03790294013461,2.5321936409773707,5849019,12.737349630767142,2.507729381493891,399468,11.513813371784472,2.517715018100698
2017,8,临汾市人民医院,0.205545,0.829500350463898,407940184,临汾市,晋南地区,10,783042,51653,94.66294547768601,15.59,10.4391032466652,0.6611642050390965,1.3544743701129454,1.4521996027529112,217.6654066,51.4,29.534,8.97436181,216.5245608,141.15,11.044987601842012,2.5321936409773707,5849019,13.38757832723744,2.507729381493891,399468,12.930447495168574,2.517715018100698
2013,9,吕梁市人民医院,0.151041,0.8687787837270784,407400911,吕梁市,晋中地区,11,361499,24883,96.62737091675447,8.32,11.7837881284411,0.5215759849906192,1.5609756097560976,1.2328761049874495,179.3849329,43.11,32.484,-0.687884069,178.3781559,83.73,9.936701301803415,2.2993521233236827,3766955,9.596583978306086,2.298086013880706,264803,9.396796864083866,2.277480478479823
2014,9,吕梁市人民医院,0,1,407400911,吕梁市,晋中地区,11,377075,24011,82.64956992672826,8.6,10.7808504435467,0.41742286751361163,1.5607985480943738,1.4566810503015155,180.3436105,44.67,28.96,-10.84841768,179.3849329,83.73,10.271109518691029,2.2993521233236827,3766955,10.010074450053159,2.298086013880706,264803,9.067495458888306,2.277480478479823
2015,9,吕梁市人民医院,0,1,407400911,吕梁市,晋中地区,11,355289,21253,76.04169468728983,8,10.5936573660189,0.41818181818181815,1.4545454545454546,1.5780312418109057,181.2471416,46.24,25.003,-13.66367403,180.3436105,83.73,9.554520482503284,2.2993521233236827,3766955,9.431729341072565,2.298086013880706,264803,8.025966473189502,2.277480478479823
2016,9,吕梁市人民医院,0,1,407400911,吕梁市,晋中地区,11,346899,21085,73.85621584699453,8,10.3252549205596,0.42778793418647165,1.4625228519195612,1.5934141143182612,182.3176254,47.75,25.896,3.571571411,181.2471416,83.73,9.554520482503284,2.2993521233236827,3766955,9.209003027644345,2.298086013880706,264803,7.962523083197698,2.277480478479823
2017,9,吕梁市人民医院,0,1,407400911,吕梁市,晋中地区,11,345201,21662,82.03960918933193,7.71,10.5166189640846,0.4388888888888889,1.4277777777777778,1.5152955739626268,183.4540863,49.25,33.886,30.85418597,182.3176254,83.73,9.20816911501254,2.2993521233236827,3766955,9.163926832149574,2.298086013880706,264803,8.180420916681458,2.277480478479823
2013,10,山西大医院,0.298096,0.7703590489455324,578477964,太原市,晋中地区,01,440645,40624,78.39502849752019,20.09,13.9302875147696,0.4573170731707317,1.75,0.7786568039808872,619.0614707,84.12,56.547,3.870315944,615.9697017,524.89,3.8274686124711845,3.4809286743554946,25187474,1.7494608629670445,3.3620728145653467,1397757,2.9063707067823663,3.4298601456359306
2014,10,山西大医院,0.147413,0.8715257714528247,578477964,太原市,晋中地区,01,635445,48817,85.55241528478732,19,12.2059118749616,0.42713178294573645,1.4728682170542635,1.0664405493944846,622.130953,84.25,59.023,4.378658461,619.0614707,524.89,3.6198060546019164,3.4809286743554946,25187474,2.522861165037828,3.3620728145653467,1397757,3.4925240939591076,3.4298601456359306
2015,10,山西大医院,0,1,578477964,太原市,晋中地区,01,726045,49645,79.83311484006292,21.52,12.2394803102024,0.4853658536585366,1.7495934959349593,1.1948820744237025,624.9927641,84.4,63.483,7.556376328,622.130953,524.89,4.099906647107013,3.4809286743554946,25187474,2.8825637695943627,3.3620728145653467,1397757,3.5517618584632378,3.4298601456359306
2016,10,山西大医院,0,1,578477964,太原市,晋中地区,01,855986,54203,83.26909013346334,21.52,12.0056638931424,0.5349794238683128,1.7711934156378601,1.315397937434594,628.7198479,84.55,68.234,7.483893326,624.9927641,524.89,4.099906647107013,3.4809286743554946,25187474,3.3984590912133545,3.3620728145653467,1397757,3.8778557360113384,3.4298601456359306
2017,10,山西大医院,0,1,578477964,太原市,晋中地区,01,888541,55364,82.59294144420353,21.67,11.8668448811502,0.49736644093303234,1.6305492851768246,1.3524298473658896,633.824219,84.7,77.536,13.63249993,628.7198479,524.89,4.128484063327555,3.4809286743554946,25187474,3.5277098449808824,3.3620728145653467,1397757,3.9609173840660428,3.4298601456359306
2013,11,山西晋城无烟煤矿业集团有限责任公司总医院,0.148508,0.8706948493175494,715976592,晋城市,晋南地区,05,477716,20764,105.50688589352013,7.49,13.1720285108842,1.0440097799511003,1.8312958435207825,1.7466508716508717,244.2106146,55.52,44.94022658,1.543621438,243.2405952,89.81,8.339828526890102,2.2878108954583958,5085066,9.39448966837402,2.262958938560033,268480,7.733909415971395,2.2819423397527743
2014,11,山西晋城无烟煤矿业集团有限责任公司总医院,0,1,715976592,晋城市,晋南地区,05,524631,23961,112.84015232182499,7.79,12.0808814323275,0.9926108374384236,1.9187192118226601,1.8123847030780391,245.0998521,56.49,44.94457804,0.009682773,244.2106146,89.81,8.673867052666742,2.2878108954583958,5085066,10.317093229468407,2.262958938560033,268480,8.924687127532776,2.2819423397527743
2015,11,山西晋城无烟煤矿业集团有限责任公司总医院,0.147883,0.871168925752886,715976592,晋城市,晋南地区,05,627351,25286,95.94748411008645,8.92,11.9087637427826,0.8587699316628702,2.0318906605922553,2.083357409713574,245.7400565,57.42,44.993815860000005,0.109552302,245.0998521,89.81,9.932078833092083,2.2878108954583958,5085066,12.337126007804027,2.262958938560033,268480,9.41820619785459,2.2819423397527743
2016,11,山西晋城无烟煤矿业集团有限责任公司总医院,0.217842,0.8211245793789341,715976592,晋城市,晋南地区,05,642967,28618,96.70473224327364,9.5,11.3568732965267,0.9168356997971603,1.9269776876267748,1.9782930423893346,246.3643379,58.34,45.270836100000004,0.615685144,245.7400565,89.81,10.577886649593585,2.2878108954583958,5085066,12.644221333607074,2.262958938560033,268480,10.659266984505363,2.2819423397527743
2017,11,山西晋城无烟煤矿业集团有限责任公司总医院,0.151808,0.8682002555981553,715976592,晋城市,晋南地区,05,670531,33572,95.20174346201743,11,11.0976408912189,1.0082474226804123,2.268041237113402,1.7997450143597176,247.6532388,59.34,49.487,9.313200867,246.3643379,89.81,12.248079278476784,2.2878108954583958,5085066,13.186279194802978,2.262958938560033,268480,12.504469606674611,2.2819423397527743
2013,12,山西潞安矿业(集团)有限责任公司总医院,0.30148,0.7683560254479516,110765426,长治市,晋南地区,04,287562,12505,82.14462160341343,6.1,14.6017592962815,0.7560975609756098,1.8597560975609757,1.5748624003943152,242.7132708,46.87,39.474,-0.123978443,241.4174399,222.04,2.7472527472527473,3.1098808875314585,10232692,2.810228237105153,3.0424894278034302,627809,1.9918478390720744,3.002833429324159
2014,12,山西潞安矿业(集团)有限责任公司总医院,0.163521,0.8594602074221265,110765426,长治市,晋南地区,04,285790,13679,93.54759677491202,6.2,15.2731924848308,0.7590361445783133,1.8674698795180722,1.3679267860732713,243.9083698,48.46,39.196,-0.704261033,242.7132708,222.04,2.7922896775355794,3.1098808875314585,10232692,2.7929111909163296,3.0424894278034302,627809,2.1788473882980335,3.002833429324159
2015,12,山西潞安矿业(集团)有限责任公司总医院,0.101611,0.9077614511837663,110765426,长治市,晋南地区,04,282498,13803,89.25055236411843,6.2,14.9250163008042,0.7300275482093664,1.7079889807162534,1.3712829474297363,245.0548939,50.02,35.029,-10.63118686,243.9083698,222.04,2.7922896775355794,3.1098808875314585,10232692,2.760739793594882,3.0424894278034302,627809,2.1985986183696,3.002833429324159
2016,12,山西潞安矿业(集团)有限责任公司总医院,0.082893,0.9234522709076521,110765426,长治市,晋南地区,04,284280,15659,95.9765797613787,6.2,13.9723481703813,0.7520435967302452,1.6893732970027249,1.2993103070025092,246.125475,51.53,37.063,5.806617374,245.0548939,222.04,2.7922896775355794,3.1098808875314585,10232692,2.7781545657779985,3.0424894278034302,627809,2.4942299329891733,3.002833429324159
2017,12,山西潞安矿业(集团)有限责任公司总医院,0,1,110765426,长治市,晋南地区,04,281896,17972,104.82013580524215,6.51,13.4366236367683,0.5225563909774437,2.4473684210526314,1.1673533954771143,247.5311366,52.93,42.887,15.71378464,246.125475,222.04,2.9319041614123584,3.1098808875314585,10232692,2.7548566887384083,3.0424894278034302,627809,2.862654087469278,3.002833429324159
2013,13,山西省汾阳医院,0,1,407430002,吕梁市,晋中地区,11,373804,28215,106.32751365386338,7.65,9.74027999291157,0.8802588996763754,2.4757281553398056,1.3601676721659839,179.3849329,43.11,32.484,-0.687884069,178.3781559,83.73,9.136510211393766,2.2993521233236827,3766955,9.923240389120656,2.298086013880706,264803,10.655090765588003,2.277480478479823
2014,13,山西省汾阳医院,0.158655,0.8630696799306092,407430002,吕梁市,晋中地区,11,387633,30473,96.58032582055841,8.75,9.37200144390116,0.6759656652360515,1.8776824034334765,1.3572916703140483,180.3436105,44.67,28.96,-10.84841768,179.3849329,83.73,10.450256777737966,2.2993521233236827,3766955,10.290353879990603,2.298086013880706,264803,11.507800138215957,2.277480478479823
2015,13,山西省汾阳医院,0.133015,0.8826008481794152,407430002,吕梁市,晋中地区,11,381937,28807,84.54671386793905,8.9,9.45065435484431,0.6715176715176715,1.8503118503118503,1.4029164906609854,181.2471416,46.24,25.003,-13.66367403,180.3436105,83.73,10.629404036784903,2.2993521233236827,3766955,10.13914421595161,2.298086013880706,264803,10.878653187463888,2.277480478479823
2016,13,山西省汾阳医院,0.116655,0.8955317443615083,407430002,吕梁市,晋中地区,11,410842,32278,92.29459750654148,8.9,9.08687031414586,0.6469465648854962,1.6984732824427482,1.4007282496778108,182.3176254,47.75,25.896,3.571571411,181.2471416,83.73,10.629404036784903,2.2993521233236827,3766955,10.90647485834049,2.298086013880706,264803,12.189438941401722,2.277480478479823
2017,13,山西省汾阳医院,0.221015,0.8189907576892995,407430002,吕梁市,晋中地区,11,426776,32136,91.69278128366939,8.9,9.06067961165049,0.6507352941176471,1.6360294117647058,1.4657077898438735,183.4540863,49.25,33.886,30.85418597,182.3176254,83.73,10.629404036784903,2.2993521233236827,3766955,11.329469027370914,2.298086013880706,264803,12.135814171289601,2.277480478479823
2013,14,山西省晋城市人民医院,0.137861,0.8788419675162432,406601068,晋城市,晋南地区,05,344862,22737,99.9093042339087,8,12.150591546818,0.6345811051693404,1.4260249554367201,1.2482878943634441,244.2106146,55.52,44.94022658,1.543621438,243.2405952,89.81,8.907694020710387,2.2878108954583958,5085066,6.78185887852783,2.262958938560033,268480,8.468787246722288,2.2819423397527743
2014,14,山西省晋城市人民医院,0.179542,0.8477866833058932,406601068,晋城市,晋南地区,05,406803,25324,100.98150684931507,8,11.626322855789,0.6578073089700996,1.3289036544850499,1.381686337777023,245.0998521,56.49,44.94457804,0.009682773,244.2106146,89.81,8.907694020710387,2.2878108954583958,5085066,7.999955162823845,2.262958938560033,268480,9.432359952324196,2.2819423397527743
2015,14,山西省晋城市人民医院,0,1,406601068,晋城市,晋南地区,05,438355,26710,93.85677867902665,9.15,11.3116061400225,0.6698872785829307,1.4734299516908214,1.4508676642405829,245.7400565,57.42,44.993815860000005,0.109552302,245.0998521,89.81,10.188175036187506,2.2878108954583958,5085066,8.6204387514341,2.262958938560033,268480,9.948599523241954,2.2819423397527743
2016,14,山西省晋城市人民医院,0.217883,0.8210969362410018,406601068,晋城市,晋南地区,05,457337,29262,92.21010025424954,9.8,11.0796596268198,0.6889580093312597,1.5241057542768273,1.4106066073846515,246.3643379,58.34,45.270836100000004,0.615685144,245.7400565,89.81,10.911925175370227,2.2878108954583958,5085066,8.993727908349666,2.262958938560033,268480,10.899135876042907,2.2819423397527743
2017,14,山西省晋城市人民医院,0.191653,0.8391704632137039,406601068,晋城市,晋南地区,05,494513,32246,96.69218879972766,10.16,10.5501457545122,0.7111111111111111,1.5051851851851852,1.4535949441504996,247.6532388,59.34,49.487,9.313200867,246.3643379,89.81,11.312771406302193,2.2878108954583958,5085066,9.724809864808048,2.262958938560033,268480,12.010578069129917,2.2819423397527743
2013,15,山西省人民医院,0.188569,0.841347872946375,405704516,太原市,晋中地区,01,660836,41881,95.79464720941748,14.3,11.9748812110504,0.6311389759665622,1.4942528735632183,1.317666294464827,619.0614707,84.12,56.547,3.870315944,615.9697017,524.89,2.724380346358285,3.4809286743554946,25187474,2.623669209544395,3.3620728145653467,1397757,2.9963005014462456,3.4298601456359306
2014,15,山西省人民医院,0.224398,0.8167278940344562,405704516,太原市,晋中地区,01,787670,47268,98.05608019211122,14.58,11.0772615723111,0.5781659388646289,1.2733624454148471,1.5043353705118412,622.130953,84.25,59.023,4.378658461,619.0614707,524.89,2.777724856636629,3.4809286743554946,25187474,3.1272290345590035,3.3620728145653467,1397757,3.3817036866923225,3.4298601456359306
2015,15,山西省人民医院,0,1,405704516,太原市,晋中地区,01,898755,47801,95.26824135144784,14.58,10.6008660906676,0.6086580086580087,1.2623376623376623,1.773629847730161,624.9927641,84.4,63.483,7.556376328,622.130953,524.89,2.777724856636629,3.4809286743554946,25187474,3.5682617478830947,3.3620728145653467,1397757,3.41983620901201,3.4298601456359306
2016,15,山西省人民医院,0.078714,0.9270297780505306,405704516,太原市,晋中地区,01,999432,54770,99.61476866761699,17.13,10.3117765199927,0.608119304059652,1.4192212096106047,1.769607773701432,628.7198479,84.55,68.234,7.483893326,624.9927641,524.89,3.2635409323858333,3.4809286743554946,25187474,3.967972334184841,3.3620728145653467,1397757,3.918420726921775,3.4298601456359306
2017,15,山西省人民医院,0.028902,0.9719098611918336,405704516,太原市,晋中地区,01,1044592,58174,96.46546466417625,17.29,10.4356241619968,0.6169686985172982,1.4242174629324547,1.7206769431477131,633.824219,84.7,77.536,13.63249993,628.7198479,524.89,3.294023509687744,3.4809286743554946,25187474,4.147267804623838,3.3620728145653467,1397757,4.16195375877209,3.4298601456359306
2013,16,山西省运城市中心医院,0,1,408316367,运城市,晋南地区,08,549154,53372,108.29698630136986,15,11.09076,0.6344206974128234,1.687289088863892,0.9277252946264462,370.3157941,43.06,21.887,6.103354664,368.236847,116.45,12.881064834693001,2.0729565982195406,3915954,14.023504872631293,2.0121402840001856,380845,14.01410022450078,2.0797644937961017
2014,16,山西省运城市中心医院,0,1,408316367,运城市,晋南地区,08,549154,53372,108.29698630136986,15,11.0907591995803,0.6344206974128234,1.687289088863892,0.9277252946264462,372.3247034,44.45,22.94,4.811075067,370.3157941,116.45,12.881064834693001,2.0729565982195406,3915954,14.023504872631293,2.0121402840001856,380845,14.01410022450078,2.0797644937961017
2015,16,山西省运城市中心医院,0.127589,0.886847956125858,408316367,运城市,晋南地区,08,599892,54616,106.47123287671232,18.91,10.7690420389629,0.6573348264277715,2.1175811870100785,1.0199434849582258,373.9589669,46.12,22.30355067,-2.774408588,372.3247034,116.45,16.238729068269645,2.0729565982195406,3915954,15.319178928046654,2.0121402840001856,380845,14.340742296734893,2.0797644937961017
2016,16,山西省运城市中心医院,0,1,408316367,运城市,晋南地区,08,666837,60264,111.69657571873284,18.91,10.0539127837515,0.6161719549641761,1.9355168884339815,1.10059268281814,376.0761229,47.65,23.105,3.593371037,373.9589669,116.45,16.238729068269645,2.0729565982195406,3915954,17.02872403506272,2.0121402840001856,380845,15.823760322440888,2.0797644937961017
2017,16,山西省运城市中心医院,0.193668,0.8377538813137322,408316367,运城市,晋南地区,08,706899,62889,107.6427397260274,18.91,9.37561417736011,0.5949720670391061,1.760707635009311,1.1988999750688152,378.2610483,48.94,25.112,8.686431508,376.0761229,116.45,16.238729068269645,2.0729565982195406,3915954,18.05176976031894,2.0121402840001856,380845,16.51301710669695,2.0797644937961017
2013,17,山西省长治市第二人民医院,0.326073,0.754106297315457,406270211,长治市,晋南地区,04,264627,15476,88.7345317222458,9,17.1891961747221,0.7671568627450981,2.2058823529411766,0.9947635516126607,242.7132708,46.87,39.474,-0.123978443,241.4174399,222.04,4.053323725454873,3.1098808875314585,10232692,2.5860936691928185,3.0424894278034302,627809,2.465080940222265,3.002833429324159
2014,17,山西省长治市第二人民医院,0.236544,0.8087055535427772,406270211,长治市,晋南地区,04,276907,16182,81.79053211009175,9.54,16.5189716969472,0.8661800486618005,2.321167883211679,1.0359021360966667,243.9083698,48.46,39.196,-0.704261033,242.7132708,222.04,4.296523148982165,3.1098808875314585,10232692,2.7061011901853393,3.0424894278034302,627809,2.577535524339409,3.002833429324159
2015,17,山西省长治市第二人民医院,0.222532,0.8179744988270246,406270211,长治市,晋南地区,04,319781,15902,75.30541914362023,9.54,15.1499811344485,0.7994858611825193,2.4524421593830334,1.3273602722952078,245.0548939,50.02,35.029,-10.63118686,243.9083698,222.04,4.296523148982165,3.1098808875314585,10232692,3.12509161811965,3.0424894278034302,627809,2.5329359725649043,3.002833429324159
2016,17,山西省长治市第二人民医院,0.246496,0.8022488640156086,406270211,长治市,晋南地区,04,316052,16125,76.11186559449591,9.48,14.8285891472868,0.6973684210526315,2.0789473684210527,1.3217794246186918,246.125475,51.53,37.063,5.806617374,245.0548939,222.04,4.269500990812467,3.1098808875314585,10232692,3.0886495948475727,3.0424894278034302,627809,2.5684563298710277,3.002833429324159
2017,17,山西省长治市第二人民医院,0.238232,0.8076030986115688,406270211,长治市,晋南地区,04,328587,16941,78.37149977144374,9.29,14.3835074670917,0.6963906581740976,1.9723991507430998,1.3484862786297918,247.5311366,52.93,42.887,15.71378464,246.125475,222.04,4.183930823275086,3.1098808875314585,10232692,3.21114912869458,3.0424894278034302,627809,2.6984321664710125,3.002833429324159
2013,18,山西省长治市人民医院,0.192786,0.8383733544826986,406271556,长治市,晋南地区,04,337022,25039,113.37511728279226,7.3,12.0219657334558,0.8029739776951673,1.3568773234200744,1.119607465334299,242.7132708,46.87,39.474,-0.123978443,241.4174399,222.04,3.2876959106467303,3.1098808875314585,10232692,3.2935810048812177,3.0424894278034302,627809,3.98831491743508,3.002833429324159
2014,18,山西省长治市人民医院,0.180632,0.8470039775306786,406271556,长治市,晋南地区,04,529965,31055,100,9.92,11.6592819191757,0.855787476280835,1.8823529411764706,1.4636722925107504,243.9083698,48.46,39.196,-0.704261033,242.7132708,222.04,4.467663484056927,3.1098808875314585,10232692,5.179135656579911,3.0424894278034302,627809,4.946568144133009,3.002833429324159
2015,18,山西省长治市人民医院,0.225563,0.8159515259517462,406271556,长治市,晋南地区,04,553873,29036,93.98849315068493,10,11.8521834963494,0.7587859424920128,1.597444089456869,1.6094409252048585,245.0548939,50.02,35.029,-10.63118686,243.9083698,222.04,4.503693028283192,3.1098808875314585,10232692,5.412778963737011,3.0424894278034302,627809,4.624973519016134,3.002833429324159
2016,18,山西省长治市人民医院,0,1,406271556,长治市,晋南地区,04,642890,31725,91.83512768643848,10.09,10.6293144208038,0.7031484257871065,1.512743628185907,1.9064691665554616,246.125475,51.53,37.063,5.806617374,245.0548939,222.04,4.544226265537741,3.1098808875314585,10232692,6.282706447140206,3.0424894278034302,627809,5.053288500164859,3.002833429324159
2017,18,山西省长治市人民医院,0.135299,0.8808252275391769,406271556,长治市,晋南地区,04,703987,33976,91.28236514354268,10.15,9.97457028490699,0.7162921348314607,1.425561797752809,2.077295099381521,247.5311366,52.93,42.887,15.71378464,246.125475,222.04,4.5712484237074404,3.1098808875314585,10232692,6.879782954475713,3.0424894278034302,627809,5.41183703960918,3.002833429324159
2013,19,山西医科大学第二医院,0.221663,0.8185563449167242,405703345,太原市,晋中地区,01,1012466,50270,95.52338828575257,16.56,11.3713546847026,0.6677445432497979,1.3387227162489894,1.7711663675263016,619.0614707,84.12,56.547,3.870315944,615.9697017,524.89,3.1549467507477758,3.4809286743554946,25187474,4.019720278420932,3.3620728145653467,1397757,3.5964763546167178,3.4298601456359306
2014,19,山西医科大学第二医院,0.1913,0.8394191219675984,405703345,太原市,晋中地区,01,1043370,51896,95.32624241452135,16.44,10.9624633883151,0.7005253940455342,1.4395796847635727,1.833987217616908,622.130953,84.25,59.023,4.378658461,619.0614707,524.89,3.1320848177713425,3.4809286743554946,25187474,4.142416186712491,3.3620728145653467,1397757,3.7128055878096125,3.4298601456359306
2015,19,山西医科大学第二医院,0.132777,0.8827862853853848,405703345,太原市,晋中地区,01,1057899,50441,91.54965501455152,16.84,11.0609623124046,0.6282919488337095,1.2671181339352897,1.8961278018948748,624.9927641,84.4,63.483,7.556376328,622.130953,524.89,3.2082912610261203,3.4809286743554946,25187474,4.2000996209465065,3.3620728145653467,1397757,3.60871024076431,3.4298601456359306
2016,19,山西医科大学第二医院,0.153084,0.8672395072692015,405703345,太原市,晋中地区,01,1019869,50438,91.41446022856393,16.28,10.7327411872001,0.7574404761904762,1.2113095238095237,1.8839782169365535,628.7198479,84.55,68.234,7.483893326,624.9927641,524.89,3.101602240469432,3.4809286743554946,25187474,4.049111872036076,3.3620728145653467,1397757,3.6084956111827737,3.4298601456359306
2017,19,山西医科大学第二医院,0.094798,0.9134105104320615,405703345,太原市,晋中地区,01,1131755,52216,94.76547936056569,18.27,10.4734947142638,0.7508821453775583,1.2893436838390966,2.0694607997308387,633.824219,84.7,77.536,13.63249993,628.7198479,524.89,3.480729295661948,3.4809286743554946,25187474,4.49332473752628,3.3620728145653467,1397757,3.7356994098401937,3.4298601456359306
2013,20,山西医科大学第一医院,0,1,405703337,太原市,晋中地区,01,1128994,42881,96.6587815013637,14.24,11.240432825727,0.6252236135957067,1.2737030411449015,2.3423063437627722,619.0614707,84.12,56.547,3.870315944,615.9697017,524.89,2.712949379870068,3.4809286743554946,25187474,4.482362939610379,3.3620728145653467,1397757,3.0678436952918142,3.4298601456359306
2014,20,山西医科大学第一医院,0,1,405703337,太原市,晋中地区,01,1167204,50248,100.09219283261608,17.3,10.8732486865149,0.550251256281407,1.4489112227805696,2.1363316061417494,622.130953,84.25,59.023,4.378658461,619.0614707,524.89,3.295928670769114,3.4809286743554946,25187474,4.634065329457015,3.3620728145653467,1397757,3.5949024043521156,3.4298601456359306
2015,20,山西医科大学第一医院,0.062638,0.9410542442487471,405703337,太原市,晋中地区,01,1122253,52708,99.48650076038611,17.17,11.2649123472718,0.527231467473525,1.2987897125567323,1.8901071324511454,624.9927641,84.4,63.483,7.556376328,622.130953,524.89,3.2711615767113114,3.4809286743554946,25187474,4.4555996365495005,3.3620728145653467,1397757,3.7708986612122137,3.4298601456359306
2016,20,山西医科大学第一医院,0,1,405703337,太原市,晋中地区,01,1210672,57290,102.65313168980043,17.92,11.0080816896492,0.5343173431734317,1.322509225092251,1.9197117907946208,628.7198479,84.55,68.234,7.483893326,624.9927641,524.89,3.4140486578140186,3.4809286743554946,25187474,4.806643175095685,3.3620728145653467,1397757,4.098709575412608,3.4298601456359306
2017,20,山西医科大学第一医院,0,1,405703337,太原市,晋中地区,01,1257753,59745,103.49727862035225,18.05,11.0843585237258,0.6296296296296297,1.3108206245461147,1.8992547962581259,633.824219,84.7,77.536,13.63249993,628.7198479,524.89,3.4388157518718208,3.4809286743554946,25187474,4.993565452414958,3.3620728145653467,1397757,4.274348116303477,3.4298601456359306
2013,21,太原钢铁(集团)有限公司总医院,0.270189,0.7872844120048276,E20418019,太原市,晋中地区,01,482594,29309,94.71757309069586,15.06,12.7629397113515,0.9647887323943662,2.6514084507042255,1.290120271928441,619.0614707,84.12,56.547,3.870315944,615.9697017,524.89,2.8691725885423613,3.4809286743554946,25187474,1.9160079331496283,3.3620728145653467,1397757,2.096859468419761,3.4298601456359306
2014,21,太原钢铁(集团)有限公司总医院,0,1,E20418019,太原市,晋中地区,01,521804,39480,80.87799364835972,17.61,12.3757345491388,0.9686346863468634,3.2490774907749076,1.0679705440508889,622.130953,84.25,59.023,4.378658461,619.0614707,524.89,3.354988664291566,3.4809286743554946,25187474,2.071680550419625,3.3620728145653467,1397757,2.8245252930230365,3.4298601456359306
2015,21,太原钢铁(集团)有限公司总医院,0.077525,0.9280527133941208,E20418019,太原市,晋中地区,01,552858,37181,68.64882016515365,17.73,12.1246873403082,0.9583333333333334,3.2119565217391304,1.226371315504605,624.9927641,84.4,63.483,7.556376328,622.130953,524.89,3.377850597267999,3.4809286743554946,25187474,2.1949719928246876,3.3620728145653467,1397757,2.6600474903720746,3.4298601456359306
2016,21,太原钢铁(集团)有限公司总医院,0.121048,0.8920224646937508,E20418019,太原市,晋中地区,01,576638,38626,69.09174896463843,17.2,11.3894268109564,0.9500924214417745,3.1792975970425137,1.3107553963375824,628.7198479,84.55,68.234,7.483893326,624.9927641,524.89,3.2768770599554196,3.4809286743554946,25187474,2.2893840009522193,3.3620728145653467,1397757,2.7634274054789207,3.4298601456359306
2017,21,太原钢铁(集团)有限公司总医院,0,1,E20418019,太原市,晋中地区,01,565446,38983,81.80201884378707,14.67,11.3536156786291,0.9514018691588785,2.742056074766355,1.2775611277050507,633.824219,84.7,77.536,13.63249993,628.7198479,524.89,2.7948713063689534,3.4809286743554946,25187474,2.2449492156299597,3.3620728145653467,1397757,2.7889683256817888,3.4298601456359306
2013,22,太原市中心医院,0.330359,0.7516768030283555,405752534,太原市,晋中地区,01,523091,25028,84.891729873452,9.69,11.5883011027649,0.6275033377837116,1.2937249666221629,1.80356305511116,619.0614707,84.12,56.547,3.870315944,615.9697017,524.89,1.8461010878469772,3.4809286743554946,25187474,2.076790233113491,3.3620728145653467,1397757,1.7905830555668831,3.4298601456359306
2014,22,太原市中心医院,0.282435,0.7797666158518756,405752534,太原市,晋中地区,01,523091,25028,84.891729873452,9.69,11.5883011027649,0.6275033377837116,1.2937249666221629,1.80356305511116,622.130953,84.25,59.023,4.378658461,619.0614707,524.89,1.8461010878469772,3.4809286743554946,25187474,2.076790233113491,3.3620728145653467,1397757,1.7905830555668831,3.4298601456359306
2015,22,太原市中心医院,0,1,405752534,太原市,晋中地区,01,531358,25693,73.6097351561984,11.64,12.1781419063558,1.080691642651297,3.354466858789625,1.6982099311905348,624.9927641,84.4,63.483,7.556376328,622.130953,524.89,2.2176074987140164,3.4809286743554946,25187474,2.1096121032224193,3.3620728145653467,1397757,1.8381592794741861,3.4298601456359306
2016,22,太原市中心医院,0.236674,0.8086205418727975,405752534,太原市,晋中地区,01,453710,26782,80.60689160270128,10.69,11.8369800612352,0.5279411764705882,1.5720588235294117,1.4311805638796535,628.7198479,84.55,68.234,7.483893326,624.9927641,524.89,2.0366171959839203,3.4809286743554946,25187474,1.8013318842532604,3.3620728145653467,1397757,1.91606981757201,3.4298601456359306
2017,22,太原市中心医院,0.241517,0.8054662159277722,405752534,太原市,晋中地区,01,485948,26980,85.03614364683598,10.8,11.9610452186805,0.591304347826087,1.565217391304348,1.5058396264126503,633.824219,84.7,77.536,13.63249993,628.7198479,524.89,2.057573967878984,3.4809286743554946,25187474,1.9293240759275823,3.3620728145653467,1397757,1.9302353699534325,3.4298601456359306
2013,23,西山煤电（集团）有限责任公司职工总医院,0.414858,0.7067847091368886,734003200,太原市,晋中地区,01,169612,12476,96.86040693795864,7.36,21.3027412632254,0.7397540983606558,1.5081967213114753,0.6381837131687568,619.0614707,84.12,56.547,3.870315944,615.9697017,524.89,1.4021985558879004,3.4809286743554946,25187474,0.6733982137311586,3.3620728145653467,1397757,0.89257288641731,3.4298601456359306
2014,23,西山煤电（集团）有限责任公司职工总医院,0.336255,0.7483601558085845,734003200,太原市,晋中地区,01,172967,14325,96.89442933274121,8,19.453612565445,0.7130801687763713,1.6877637130801688,0.620680869693153,622.130953,84.25,59.023,4.378658461,619.0614707,524.89,1.524128865095544,3.4809286743554946,25187474,0.6867183267365358,3.3620728145653467,1397757,1.0248562518377657,3.4298601456359306
2015,23,西山煤电（集团）有限责任公司职工总医院,0.381325,0.7239425913525058,734003200,太原市,晋中地区,01,162159,12927,87.5417808219178,8,19.9682834377659,0.6897233201581028,1.5810276679841897,0.6282067175454229,624.9927641,84.4,63.483,7.556376328,622.130953,524.89,1.524128865095544,3.4809286743554946,25187474,0.6438081087448467,3.3620728145653467,1397757,0.9248388668416614,3.4298601456359306
2016,23,西山煤电（集团）有限责任公司职工总医院,0.299292,0.769649932424736,734003200,太原市,晋中地区,01,178616,13937,89.79486301369863,8,18.8133027193801,0.7214912280701754,1.7543859649122806,0.6812178443255366,628.7198479,84.55,68.234,7.483893326,624.9927641,524.89,1.524128865095544,3.4809286743554946,25187474,0.7091461414511039,3.3620728145653467,1397757,0.9970974926256853,3.4298601456359306
2017,23,西山煤电（集团）有限责任公司职工总医院,0,1,734003200,太原市,晋中地区,01,197400,14322,90.25715705254501,8,18.542242703533,0.6643990929705216,1.8140589569160999,0.7433292413824267,633.824219,84.7,77.536,13.63249993,628.7198479,524.89,1.524128865095544,3.4809286743554946,25187474,0.7837228933715227,3.3620728145653467,1397757,1.0246416222562291,3.4298601456359306
2013,24,忻州市人民医院,0.336747,0.7480847161055907,40709028x,忻州市,晋北地区,09,240365,22670,93.09698630136987,7.5,11.397132774592,0.6174603174603175,1.1904761904761905,0.9303023148703619,123.8293661,43.04,21.074,4.94497286,123.2299392,37.08,20.22653721682848,1.6089248529655371,1350183,17.802401600375653,1.5982478915334297,114571,19.786857058068797,1.5978888099950688
2014,24,忻州市人民医院,0.362095,0.7341631824505632,40709028x,忻州市,晋北地区,09,241819,22350,86.6585403606532,7.08,9.93409395973154,0.5977653631284916,0.9888268156424581,1.0891423115206709,124.3886351,44.66,21.796,3.426022587,123.8293661,37.08,19.093851132686083,1.6089248529655371,1350183,17.910090706222785,1.5982478915334297,114571,19.507554267659355,1.5978888099950688
2015,24,忻州市人民医院,0.364596,0.7328176251432659,40709028x,忻州市,晋北地区,09,263249,19003,69.4163578411188,7.5,9.66694732410672,0.6039156626506024,1.1295180722891567,1.433029760317037,124.9000723,46.31,21.731,-0.298219857,124.3886351,37.08,20.22653721682848,1.6089248529655371,1350183,19.497282960902336,1.5982478915334297,114571,16.586221644220615,1.5978888099950688
2016,24,忻州市人民医院,0.353298,0.7389355485635831,40709028x,忻州市,晋北地区,09,290364,23917,84.52566210045663,7.5,9.6745411213781,0.5555555555555556,1.0040160642570282,1.2548900970672383,125.4562797,47.9,22.747,4.67534858,124.9000723,37.08,20.22653721682848,1.6089248529655371,1350183,21.50552925047938,1.5982478915334297,114571,20.875265119445586,1.5978888099950688
2017,24,忻州市人民医院,0.298053,0.7703845682726361,40709028x,忻州市,晋北地区,09,314386,26631,92.91872146118722,7.5,9.42465547670009,0.5581699346405229,0.9803921568627451,1.2525937495019681,125.9209986,49.4,27.665,21.62043346,125.4562797,37.08,20.22653721682848,1.6089248529655371,1350183,23.284695482019846,1.5982478915334297,114571,23.24410191060565,1.5978888099950688
2013,25,阳泉煤业(集团)有限责任公司总医院,0,1,602260651,阳泉市,晋中地区,03,592563,24531,110.0033485540335,9,13.2752435693612,0.6516464471403813,1.559792027729636,1.8196035681933334,303.2948132,64.01,44.251,1.256235413,301.8136024,134.95,6.669136717302705,2.65981453024301,7655922,7.739929952264404,2.463585740026052,334410,7.335605992643761,2.5959973405976333
2014,25,阳泉煤业(集团)有限责任公司总医院,0.036575,0.9647155295082362,602260651,阳泉市,晋中地区,03,613604,25411,109.42532906008748,10.39,13.5188304277675,0.6795096322241682,1.819614711033275,1.786188567419737,304.7486712,64.96,44.381509380000004,0.294929787,303.2948132,134.95,7.699147832530567,2.65981453024301,7655922,8.014762950824212,2.463585740026052,334410,7.598756018061661,2.5959973405976333
2015,25,阳泉煤业(集团)有限责任公司总医院,0,1,602260651,阳泉市,晋中地区,03,636918,26625,97.31609763149652,11.38,13.3211267605634,0.705244122965642,2.057866184448463,1.7957792345104673,305.9760477,65.86,42.68766669,-3.816550437,304.7486712,134.95,8.432752871433866,2.65981453024301,7655922,8.319285384568966,2.463585740026052,334410,7.961783439490445,2.5959973405976333
2016,25,阳泉煤业(集团)有限责任公司总医院,0.086832,0.9201054072754574,602260651,阳泉市,晋中地区,03,623366,26655,106.53468222082385,11.32,12.1639092102795,0.5294924554183813,1.5528120713305897,1.9226102538637815,307.1362456,66.68,44.460517079999995,4.153074008,305.9760477,134.95,8.38829195998518,2.65981453024301,7655922,8.142272086889077,2.463585740026052,334410,7.970754463084238,2.5959973405976333
2017,25,阳泉煤业(集团)有限责任公司总医院,0,1,602260651,阳泉市,晋中地区,03,648292,29167,127.43428350938117,11.36,12.4924058010766,0.5074626865671642,1.5413839891451833,1.779232969047606,308.2774059,67.56,47.79,7.488628425,307.1362456,134.95,8.417932567617637,2.65981453024301,7655922,8.467850116550299,2.463585740026052,334410,8.721928172004425,2.5959973405976333
2013,26,阳泉市第三人民医院,0.359916,0.7353395356772036,406141161,阳泉市,晋中地区,03,99044,11159,89.67993041965644,6.3,18.0068106461152,0.6514084507042254,2.2183098591549295,0.4929082602593835,303.2948132,64.01,44.251,1.256235413,301.8136024,134.95,4.668395702111894,2.65981453024301,7655922,1.293691341160477,2.463585740026052,334410,3.33692174277085,2.5959973405976333
2014,26,阳泉市第三人民医院,0,1,406141161,阳泉市,晋中地区,03,112523,11924,91.48162644053055,6.3,17.2607346528011,0.63,2.1,0.5467138283037845,304.7486712,64.96,44.381509380000004,0.294929787,303.2948132,134.95,4.668395702111894,2.65981453024301,7655922,1.4697511286034524,2.463585740026052,334410,3.5656828444125472,2.5959973405976333
2015,26,阳泉市第三人民医院,0,1,406141161,阳泉市,晋中地区,03,152686,11236,84.54751032833224,6.3,17.5311498754005,0.6472602739726028,2.1575342465753424,0.77513453142451,305.9760477,65.86,42.68766669,-3.816550437,304.7486712,134.95,4.668395702111894,2.65981453024301,7655922,1.994351562097942,2.463585740026052,334410,3.3599473699949165,2.5959973405976333
2016,26,阳泉市第三人民医院,0.266749,0.7894223717563622,406141161,阳泉市,晋中地区,03,168027,11596,79.88606218743205,6.3,15.754829251466,0.45393258426966293,1.4157303370786516,0.9197232515750466,307.1362456,66.68,44.460517079999995,4.153074008,305.9760477,134.95,4.668395702111894,2.65981453024301,7655922,2.194732391474208,2.463585740026052,334410,3.467599653120421,2.5959973405976333
2017,26,阳泉市第三人民医院,0,1,406141161,阳泉市,晋中地区,03,173412,12239,80.07871276364426,6.3,15.363428384672,0.45617977528089887,1.4157303370786516,0.9222423723495344,308.2774059,67.56,47.79,7.488628425,307.1362456,134.95,4.668395702111894,2.65981453024301,7655922,2.265070098676554,2.463585740026052,334410,3.659878592147364,2.5959973405976333
2013,27,阳泉市第一人民医院,0,1,406141268,阳泉市,晋中地区,03,739138,27779,97.48109589041096,10,12.8264876345441,0.9137931034482759,2.4630541871921183,2.0744414227057004,303.2948132,64.01,44.251,1.256235413,301.8136024,134.95,7.410151908114117,2.65981453024301,7655922,9.654460951927149,2.463585740026052,334410,8.306868813731647,2.5959973405976333
2014,27,阳泉市第一人民医院,0,1,406141268,阳泉市,晋中地区,03,783345,29461,96.95616438356166,10,11.9763755473338,0.927536231884058,2.4154589371980677,2.220139101452233,304.7486712,64.96,44.381509380000004,0.294929787,303.2948132,134.95,7.410151908114117,2.65981453024301,7655922,10.23188324018975,2.463585740026052,334410,8.809844203223587,2.5959973405976333
2015,27,阳泉市第一人民医院,0,1,406141268,阳泉市,晋中地区,03,762538,28007,88.82,10,11.2394758453244,0.9312039312039312,2.457002457002457,2.4224166412524144,305.9760477,65.86,42.68766669,-3.816550437,304.7486712,134.95,7.410151908114117,2.65981453024301,7655922,9.96010669910169,2.463585740026052,334410,8.375048593044466,2.5959973405976333
2016,27,阳泉市第一人民医院,0,1,406141268,阳泉市,晋中地区,03,771103,28222,92.34,10,11.6713911133159,0.6634615384615384,1.6025641025641026,2.3410030662740215,307.1362456,66.68,44.460517079999995,4.153074008,305.9760477,134.95,7.410151908114117,2.65981453024301,7655922,10.07198087963801,2.463585740026052,334410,8.439340928799977,2.5959973405976333
2017,27,阳泉市第一人民医院,0,1,406141268,阳泉市,晋中地区,03,779363,30398,94.9454794520548,10,11.4797684058162,0.6175182481751825,1.4598540145985401,2.2333749806569196,308.2774059,67.56,47.79,7.488628425,307.1362456,134.95,7.410151908114117,2.65981453024301,7655922,10.17987121603381,2.463585740026052,334410,9.090039173469693,2.5959973405976333
2013,28,长治医学院附属和济医院,0,1,406272225,长治市,晋南地区,04,217491,16822,102.07347447073474,5.28,11.4061348234455,0.6895604395604396,1.4505494505494505,1.1335094906032084,242.7132708,46.87,39.474,-0.123978443,241.4174399,222.04,2.377949918933526,3.1098808875314585,10232692,2.125452422490582,3.0424894278034302,627809,2.6794773569668484,3.002833429324159
2014,28,长治医学院附属和济医院,0,1,406272225,长治市,晋南地区,04,233581,16942,99.5836207746132,5.56,11.8584582693897,0.6443298969072165,1.4329896907216495,1.1626382487332385,243.9083698,48.46,39.196,-0.704261033,242.7132708,222.04,2.5040533237254547,3.1098808875314585,10232692,2.2826935473089582,3.0424894278034302,627809,2.6985914505844932,3.002833429324159
2015,28,长治医学院附属和济医院,0,1,406272225,长治市,晋南地区,04,244594,16261,89.53335961367893,5.56,11.0484595043355,0.714975845410628,1.3429951690821256,1.3614347179935322,245.0548939,50.02,35.029,-10.63118686,243.9083698,222.04,2.5040533237254547,3.1098808875314585,10232692,2.3903191848244822,3.0424894278034302,627809,2.5901189693043585,3.002833429324159
2016,28,长治医学院附属和济医院,0,1,406272225,长治市,晋南地区,04,223845,17394,92.60569626490587,5.56,10.629699896516,0.7048054919908466,1.2723112128146452,1.2106732001752365,246.125475,51.53,37.063,5.806617374,245.0548939,222.04,2.5040533237254547,3.1098808875314585,10232692,2.1875475192647253,3.0424894278034302,627809,2.7705878698776223,3.002833429324159
2017,28,长治医学院附属和济医院,0,1,406272225,长治市,晋南地区,04,271856,21081,109.3564600374495,5.56,10.4263554859826,0.6730769230769231,1.188034188034188,1.236844739260594,247.5311366,52.93,42.887,15.71378464,246.125475,222.04,2.5040533237254547,3.1098808875314585,10232692,2.65673979046765,3.0424894278034302,627809,3.3578683962797604,3.002833429324159
2013,29,长治医学院附属和平医院,0,1,405700216,长治市,晋南地区,04,656379,48422,120.44762908324552,13,11.8757589525422,0.6847058823529412,1.5294117647058822,1.141433410776144,242.7132708,46.87,39.474,-0.123978443,241.4174399,222.04,5.85480093676815,3.1098808875314585,10232692,6.414529040842821,3.0424894278034302,627809,7.712855342946661,3.002833429324159
2014,29,长治医学院附属和平医院,0,1,405700216,长治市,晋南地区,04,665408,47440,117.79220231822971,13,11.6962268128162,0.6510359869138496,1.4176663031624863,1.19921639161676,243.9083698,48.46,39.196,-0.704261033,242.7132708,222.04,5.85480093676815,3.1098808875314585,10232692,6.502765841090497,3.0424894278034302,627809,7.556438343508934,3.002833429324159
2015,29,长治医学院附属和平医院,0,1,405700216,长治市,晋南地区,04,680450,44623,111.71907270811381,13,11.8965555879255,0.6175213675213675,1.3888888888888888,1.2817880420449836,245.0548939,50.02,35.029,-10.63118686,243.9083698,222.04,5.85480093676815,3.1098808875314585,10232692,6.649765281706905,3.0424894278034302,627809,7.10773499583472,3.002833429324159
2016,29,长治医学院附属和平医院,0.054982,0.9478834709976094,405700216,长治市,晋南地区,04,681703,45042,98.07983858802233,15,11.5259535544603,0.4967741935483871,1.6129032258064515,1.3131086849323512,246.125475,51.53,37.063,5.806617374,245.0548939,222.04,6.755539542424789,3.1098808875314585,10232692,6.662010348791892,3.0424894278034302,627809,7.174475039382997,3.002833429324159
2017,29,长治医学院附属和平医院,0,1,405700216,长治市,晋南地区,04,661668,48707,100.76876712328766,15,11.3108382778656,0.49353448275862066,1.6163793103448276,1.2010302822385224,247.5311366,52.93,42.887,15.71378464,246.125475,222.04,6.755539542424789,3.1098808875314585,10232692,6.466216319224697,3.0424894278034302,627809,7.758251315288566,3.002833429324159
2013,30,中信机电制造公司总医院,0,1,E30160314,运城市,晋南地区,08,153299,18212,108.49534246575342,5,10.7827805842302,0.5913621262458472,1.6611295681063123,0.7806402004318247,370.3157941,43.06,21.887,6.103354664,368.236847,116.45,4.293688278231,2.0729565982195406,3915954,3.9147293354314177,2.0121402840001856,380845,4.781997925665297,2.0797644937961017
2014,30,中信机电制造公司总医院,0,1,E30160314,运城市,晋南地区,08,166290,19040,109.40164383561644,5,10.344012605042,0.5425219941348973,1.466275659824047,0.8443259710586444,372.3247034,44.45,22.94,4.811075067,370.3157941,116.45,4.293688278231,2.0729565982195406,3915954,4.246474805373097,2.0121402840001856,380845,4.999409208470638,2.0797644937961017
2015,30,中信机电制造公司总医院,0,1,E30160314,运城市,晋南地区,08,169799,19639,114.25424657534246,5,10.4456947909771,0.53954802259887,1.4124293785310735,0.827710426385497,373.9589669,46.12,22.30355067,-2.774408588,372.3247034,116.45,4.293688278231,2.0729565982195406,3915954,4.33608259954024,2.0121402840001856,380845,5.156691042287545,2.0797644937961017
2016,30,中信机电制造公司总医院,0.258686,0.794479322086684,E30160314,运城市,晋南地区,08,173548,19703,75.99873436569386,7.36,10.1129269654367,0.5106951871657754,1.967914438502674,0.8709844169531504,376.0761229,47.65,23.105,3.593371037,373.9589669,116.45,6.320309145556033,2.0729565982195406,3915954,4.431819168458056,2.0121402840001856,380845,5.1734957791227405,2.0797644937961017
2017,30,中信机电制造公司总医院,0.194635,0.8370757595416174,E30160314,运城市,晋南地区,08,181082,19738,76.48525908278737,7.36,10.0570473198906,0.45255474452554745,1.7907542579075426,0.9122243156378145,378.2610483,48.94,25.112,8.686431508,376.0761229,116.45,6.320309145556033,2.0729565982195406,3915954,4.624211622506291,2.0121402840001856,380845,5.182685869579488,2.0797644937961017
